client_id,task_id,progress,completion_timestamp
a2170f4e2294a7f4f950cb5fa6f77c7a16311c17,task_2,1,2025-04-02 11:28:58
3ae04dc6c1494cd2e25edd0809efe73002b01d88,task_2,1,2025-04-02 11:18:19
dee762950dcd6c6fe4b404ab3b8605fcedd86748,task_2,1,2025-04-02 11:08:55
cacac0b58b937895c006a2317c5729e2de9964a3,task_2,1,2025-04-02 11:03:53
7e0ee8ed89dcd5996825c77628d9a4497496f0fb,task_2,1,2025-04-02 11:26:29
d691d348867bbea9a4a4cea278e6a36ae8a4b869,task_2,1,2025-04-02 11:04:06
bf99f40e2c5ffc181c63fd9e5e8be2590fd83500,task_2,1,2025-04-02 11:00:56
c52ee6ca32a80e0429235d223a0338f301392f90,task_2,1,2025-04-02 11:25:43
51a16e768ff2734ad76f1872d8b5b73afd6e7af6,task_2,1,2025-04-02 11:27:55
ec80499a0c6f2f569562361415355850625e4186,task_2,1,2025-04-02 11:11:23
ace254bc4f11176ab53368bbdc80ab4c28495398,task_2,1,2025-04-02 11:27:32
34cc7db45f68863e22883748bb40760cd70ac301,task_2,1,2025-04-02 11:12:39
e99c34bd305546552c60be3461f21167b286001d,task_2,1,2025-04-02 11:09:34
90a77976e30b06305d325b909aa3ff7af742377b,task_2,1,2025-04-02 11:17:31
bd8701f41bc2759c34549405a4d57a15f4e5c69e,task_2,1,2025-04-02 11:17:17
9af8ad929583ce39b7bb51986ecc50ef1dae73aa,task_2,1,2025-04-02 11:05:21
925a0e4414a8fd683f8a55bed60044ce0688f3d5,task_2,1,2025-04-02 11:20:25
b472a44c81276ec429ceabc154ba21addec3beaa,task_2,1,2025-04-02 11:14:55
621ada12b74da169712c5bc95f6dff3eca926510,task_2,1,2025-04-02 11:29:08
ce269e82cd460de4e9c73e53b142f16e15673379,task_2,1,2025-04-02 11:20:41
0e521e3ccbdb4bf12bf71342e671238d7e27f607,task_2,1,2025-04-02 11:02:18
1ea63cc1a5aff1826ce3f2bd12d5234d7cc5cafc,task_2,1,2025-04-02 11:25:11
002cff50a5340a1942b6dcff0761f31882b9f524,task_2,1,2025-04-02 11:00:40
65637023f06dcb4d9c0a96c38814d60bb9b28549,task_2,1,2025-04-02 11:17:12
a20857f18ac2c342a6f5df13d3d59333aac43761,task_2,1,2025-04-02 11:06:10
27f89c7848e7c546450a6584ed0aa9eccd70a152,task_2,1,2025-04-02 11:03:19
df7553f8c78467dcb6a05c4979e8c0c98644099d,task_2,1,2025-04-02 11:28:49
279ace4169b05166e45f7b5186b4c2bcd6125be4,task_2,1,2025-04-02 11:24:48
9c0d30a5d1a77b748c62a3e19bb9042f2b6d36fe,task_2,1,2025-04-02 11:07:28
afea4e6d6825aeac3903cc55b2626dcb303d75d1,task_2,1,2025-04-02 11:12:28
232f0b00921f4b2f9aea200edbb2628af9273f6e,task_2,1,2025-04-02 11:18:29
3b8c180db6ccabb5734d69201f79405863a0747a,task_2,1,2025-04-02 11:03:43
2bf5b281eb60911daa5176ba705ac543afa6b089,task_2,1,2025-04-02 11:11:34
2843ff0b1df9653086393729b75942283ad1cd3f,task_2,1,2025-04-02 11:25:19
eca1d97998269c4693781e8a8766e4abedef02f9,task_2,1,2025-04-02 11:29:22
a293f0349c420270a7bc35248b641c4c942bc234,task_2,1,2025-04-02 11:02:32
21c77f6187a1f7182a538d7e7aca8bd665a34fca,task_2,1,2025-04-02 11:12:48
ca7ce775c944924c8be1ee0a9a7f097dabdd768e,task_2,1,2025-04-02 11:11:00
ef551af3ab6eddb7702a953198fadd1cf53f3864,task_2,1,2025-04-02 11:12:26
95883c299cc42afd43599ca3e61e0503f7e47eff,task_2,1,2025-04-02 11:30:12
bc5db4bf348f700ab8813d2f73dafd573f624853,task_2,1,2025-04-02 11:11:32
78ecb224b711a2b20461ef8718320a1617c98875,task_2,1,2025-04-02 11:17:53
784095cb78fb7495cdf1b0c3b43f8096aa5e37a1,task_2,1,2025-04-02 11:25:54
4394ba518d0f80b87d309292ad72e89295774e28,task_2,1,2025-04-02 11:14:32
c820953757381bec6fb36e05f34e4a2bad1b3124,task_2,1,2025-04-02 11:26:47
96d2a4d8873b02fb33bc9277c16b24e7deac7b33,task_2,1,2025-04-02 11:22:15
4812db170a980f08b327b59dcd7aa4a9c3a4c98d,task_2,1,2025-04-02 11:11:05
a4bf568eaf278136018c19cc743bdce01f41cf0a,task_2,1,2025-04-02 11:21:06
d1eddeee0135900d85b64fb19b6a09670077d08a,task_2,1,2025-04-02 11:12:22
c462ed254fa3c99cde5afa93752562ad3a1352f8,task_2,1,2025-04-02 11:30:04
0bf90cbb0f032e759fb45850eaba9b01726b4d27,task_2,1,2025-04-02 11:25:55
d05a3aa223b24e1167921a3e9def2863e1a91001,task_2,1,2025-04-02 11:29:05
a6242f681b0791859b783406df9b61f79f46a32a,task_2,1,2025-04-02 11:09:23
d8aab2d1b5daad0c6a3a69a1cee4dbb1eb0337eb,task_2,1,2025-04-02 11:22:40
1c8fab860ea8ddaf1c75eae495d79ccd845929a4,task_2,1,2025-04-02 11:16:56
e30ab74e7b53f7dcb9849e43fe519ab1afd1e465,task_2,1,2025-04-02 11:22:37
d16db7a94f23446a658db1ee0ee4b2ed22ecb931,task_2,1,2025-04-02 11:14:46
3b107ebeb84c1c306b73e5d9dd6661227e6792ea,task_2,1,2025-04-02 11:22:11
5feb87bceb30c778db484b032c1ef66152b32491,task_2,1,2025-04-02 11:19:25
76b66abb54f81d14b4605c4f995e2de57d7efe87,task_2,1,2025-04-02 11:28:38
549977f8c57a3a14eb034094e9d26a989c81530d,task_2,1,2025-04-02 11:02:32
cc5c003d67e30404956cfa70489873cf04915532,task_2,1,2025-04-02 11:02:42
627234a9f5b44502cebc74c3c7c4df85ecd6bcac,task_2,1,2025-04-02 11:01:38
0a4825b53e3cf7f517c2d23bfbac25787895546a,task_2,1,2025-04-02 11:20:02
1c51422101575bdab31f902c31cb03ad4b31508a,task_2,1,2025-04-02 11:01:15
d233b2db16d9a267379b1989959e312c3a1201ee,task_2,1,2025-04-02 11:04:53
9fcefc5e31838f845711e519430152839ddca6e5,task_2,1,2025-04-02 11:05:22
0cbdf1a170b99e044fdb2848ddbb00d194adae63,task_2,1,2025-04-02 11:06:55
89cb589aad3aa14f66beee97e6b11029c1cccd21,task_2,1,2025-04-02 11:26:11
96fdfd3f3c4b56a1799b5716fcc49b1f2911c5d3,task_2,1,2025-04-02 11:06:20
13b71909a06f6cf46407e14cde24bd52b0995cd6,task_2,1,2025-04-02 11:28:28
64776698697dea0d07b15d37907ebab9b2d1a5d0,task_2,1,2025-04-02 11:26:58
8edd68d3ca6b30c2981b2a7d020874e935c659e5,task_2,1,2025-04-02 11:03:38
8ec1e13b16fc539310c4df005f4e98089daf72cb,task_2,1,2025-04-02 11:29:09
ac823cff73369388a23f8d15ca9332f3c61ba26d,task_2,1,2025-04-02 11:23:23
4c07ff35a59f8ff8e187ed3196d11a501f64cd7d,task_2,1,2025-04-02 11:29:46
11780fb6ff379d24b0f681d1a4e897de33e4a60b,task_2,1,2025-04-02 11:16:18
a2abd4ba01ddcaf031feea9a4a2d3136c38e7260,task_2,1,2025-04-02 11:08:52
25ca4fe5cf439099729757a7bbc56e05a822282e,task_2,1,2025-04-02 11:02:25
b5a3309381e66af03f610e5b09e1d323916005d9,task_2,1,2025-04-02 11:06:16
126a064d7ca264eb33e1db05d0e968f6998a996c,task_2,1,2025-04-02 11:01:11
79e4bc95314fe3c45ea100bf7f6eeb08fc8e0306,task_2,1,2025-04-02 11:19:49
df3b4790b93cc293c133e75fbe9a13be865ccd9c,task_2,1,2025-04-02 11:27:40
2bb4a1e4320ada1baf473d8dec5c0301bdc7b51d,task_2,1,2025-04-02 11:23:53
4ab968faba7ef91c8a08d042c18d090ba552c2c7,task_2,1,2025-04-02 11:30:00
385e2ca13bf90b85c5fccc1eea68d76257fce126,task_2,1,2025-04-02 11:27:55
5d5559502e5c8cf8a7a0e0aa4806c49f849036c2,task_2,1,2025-04-02 11:17:02
8ccb8047b2d4ce41bd31c411d7287745a617f90d,task_2,1,2025-04-02 11:23:47
de4d06edfe82b0bafbbe15ba62863809139baba8,task_2,1,2025-04-02 11:01:36
9a9c70e55117c224846a73e537c3ca51d6c87dea,task_2,1,2025-04-02 11:04:13
f5b0863dc8b18676a26a32f234c01f002565b509,task_2,1,2025-04-02 11:11:29
f741da68ef8cd3383370b3d697a7e170c31192a7,task_2,1,2025-04-02 11:27:25
93529c876bc280d9c218c74a9ef7a6bdb6817399,task_2,1,2025-04-02 11:04:09
22d1cef34f29fd9d4c396bf3761dcf6efa19c004,task_2,1,2025-04-02 11:01:33
87db8bf7d338a76345463e91fe7fc0cc61717a18,task_2,1,2025-04-02 11:23:23
93c66b79ecaeb7054bfb28813eeea3ba99ebbb76,task_2,1,2025-04-02 11:22:35
2c353db1bad782f30703d44c18b140dcd7ab9d4e,task_2,1,2025-04-02 11:18:22
4a1bc32eaa7f80a9f86c4ad4a098d938d4ca96e6,task_2,1,2025-04-02 11:24:49
28a4f4edb03072fd49b249661711d9a6a8144c59,task_2,1,2025-04-02 11:08:51
bc95fed8ffeca716405e445cb15bce735dfd27c6,task_2,1,2025-04-02 11:05:33
afc782a2a4af7728fd42a9b32b5b001a6c184531,task_2,1,2025-04-02 11:06:42
8522614d38f8393c7bb3580672ce66a5527e8d75,task_2,1,2025-04-02 11:04:09
a69e2250671707f784cfee41a1314a96c5febfcd,task_2,1,2025-04-02 11:04:53
0086a83a6cfe84020c5b89311eba9295d0e039d3,task_2,1,2025-04-02 11:20:22
7872aa0c7c18b9c3900c7255e3433cbbb64dd1ee,task_2,1,2025-04-02 11:08:53
7f061de75a547119c800e80e46d23b8f75442f24,task_2,1,2025-04-02 11:22:54
bfd5806706f3caa329f156d69dbc2d9ca3bf643e,task_2,1,2025-04-02 11:29:34
d56f99267cb66cae18a26e7e0179c15689f8f47f,task_2,1,2025-04-02 11:23:04
270f4ae03e6c796b17810ea58980fdcf561845d7,task_2,1,2025-04-02 11:21:21
80b63ed86e7b0b16cbfc142d2cc50f055ffa8703,task_2,1,2025-04-02 11:02:27
c79f13f6790f87cea8603d08770880f52f7543d7,task_2,1,2025-04-02 11:02:24
e98f3719e4404c754d4bbecea8e28af42af7bf78,task_2,1,2025-04-02 11:04:20
f36e444dc3b43c483c823ddffb2522a613f63a67,task_2,1,2025-04-02 11:13:42
f8569448445bee7fb258558eb7d96c0ea749bb4e,task_2,1,2025-04-02 11:14:26
8479b32c8624624e405623ab5e704064c76964a1,task_2,1,2025-04-02 11:12:14
2cae4bd03a753c9e76c3d0a207b778a4fe2c9688,task_2,1,2025-04-02 11:10:57
c2b0a22fc880ebc53cdcf871dda7820504a29b50,task_2,1,2025-04-02 11:18:30
